Time,Open,high,low,close,volume,trades
1605146400000,0.25553000,0.25609000,0.25485000,0.25597000,2199514.50000000,1235
1605142800000,0.25519000,0.25605000,0.25438000,0.25553000,4832803.70000000,2613
1605139200000,0.25581000,0.25620000,0.25300000,0.25518000,10067786.80000000,5072
1605135600000,0.25656000,0.25656000,0.25518000,0.25581000,3602584.20000000,2319
1605132000000,0.25650000,0.25727000,0.25608000,0.25664000,2398770.10000000,1650
1605128400000,0.25694000,0.25698000,0.25540000,0.25650000,3107831.70000000,1964
1605124800000,0.25763000,0.25777000,0.25477000,0.25688000,6906201.70000000,3957
1605121200000,0.25779000,0.25821000,0.25655000,0.25766000,5648794.60000000,2895
1605117600000,0.25899000,0.25947000,0.25765000,0.25780000,6053588.40000000,3701
1605114000000,0.25789000,0.25928000,0.25748000,0.25895000,8119965.70000000,4505
1605110400000,0.25751000,0.25944000,0.25710000,0.25790000,10306484.50000000,5355
1605106800000,0.25814000,0.25815000,0.25648000,0.25752000,5414016.00000000,2679
1605103200000,0.25708000,0.25999000,0.25671000,0.25815000,11060052.40000000,5093
1605099600000,0.25623000,0.26000000,0.25466000,0.25703000,13817189.40000000,5386
1605096000000,0.25626000,0.25733000,0.25593000,0.25620000,4913330.70000000,2297
1605092400000,0.25746000,0.25777000,0.25561000,0.25629000,7470378.20000000,4261
1605088800000,0.25588000,0.25777000,0.25576000,0.25748000,4510234.00000000,3025
1605085200000,0.25564000,0.25715000,0.25421000,0.25587000,7030783.10000000,4126
1605081600000,0.25602000,0.25721000,0.25510000,0.25566000,4625120.30000000,2982
1605078000000,0.25455000,0.25626000,0.25445000,0.25602000,3823317.50000000,2582
1605074400000,0.25477000,0.25557000,0.25427000,0.25451000,3685431.40000000,3914
1605070800000,0.25485000,0.25510000,0.25328000,0.25473000,4580884.90000000,2934
1605067200000,0.25639000,0.25693000,0.25448000,0.25482000,4869687.40000000,3179
1605063600000,0.25618000,0.25691000,0.25543000,0.25637000,3952233.30000000,2287
1605060000000,0.25711000,0.25769000,0.25496000,0.25618000,5533464.70000000,3089
1605056400000,0.25690000,0.25784000,0.25610000,0.25712000,7044366.50000000,4154
1605052800000,0.25379000,0.25887000,0.25209000,0.25690000,16947047.90000000,8262
1605049200000,0.25630000,0.25651000,0.25323000,0.25380000,6732802.20000000,3581
1605045600000,0.25659000,0.25712000,0.25602000,0.25632000,3861914.10000000,1992
1605042000000,0.25504000,0.25727000,0.25486000,0.25659000,5278550.10000000,3084
1605038400000,0.25582000,0.25684000,0.25472000,0.25499000,5308975.00000000,2709
1605034800000,0.25529000,0.25654000,0.25508000,0.25594000,4036905.80000000,2585
1605031200000,0.25429000,0.25636000,0.25299000,0.25529000,7321638.40000000,4047
1605027600000,0.25350000,0.25500000,0.25241000,0.25440000,5398295.80000000,3276
1605024000000,0.25270000,0.25445000,0.25222000,0.25349000,7018126.40000000,3496
1605020400000,0.25311000,0.25441000,0.24996000,0.25279000,16246253.40000000,7056
1605016800000,0.25631000,0.25647000,0.25189000,0.25312000,14032417.50000000,6708
1605013200000,0.25576000,0.25675000,0.25370000,0.25634000,8797685.00000000,5364
1605009600000,0.25595000,0.25800000,0.25405000,0.25574000,11153661.70000000,7143
1605006000000,0.25755000,0.25856000,0.25341000,0.25594000,18796387.30000000,9392
1605002400000,0.26050000,0.26189000,0.25724000,0.25755000,14630849.70000000,7926
1604998800000,0.26079000,0.26189000,0.25900000,0.26050000,15672030.70000000,8582
1604995200000,0.26062000,0.26500000,0.26010000,0.26076000,33589289.00000000,19541
1604991600000,0.25015000,0.26217000,0.24996000,0.26062000,35987209.70000000,15936
1604988000000,0.25076000,0.25117000,0.24920000,0.25010000,6168290.40000000,3096
1604984400000,0.25218000,0.25243000,0.25046000,0.25079000,5422218.30000000,3068
1604980800000,0.25171000,0.25273000,0.25133000,0.25207000,4346009.90000000,2572
1604977200000,0.25120000,0.25190000,0.25046000,0.25167000,4429920.60000000,2508
1604973600000,0.25095000,0.25273000,0.25068000,0.25120000,5917930.60000000,3529
1604970000000,0.24974000,0.25099000,0.24925000,0.25095000,4660854.60000000,2675
1604966400000,0.25058000,0.25064000,0.24806000,0.24974000,5209944.20000000,3627
1604962800000,0.25025000,0.25084000,0.24986000,0.25059000,4323755.60000000,4775
1604959200000,0.25087000,0.25177000,0.24969000,0.25025000,3141348.90000000,2264
1604955600000,0.25012000,0.25177000,0.25008000,0.25091000,3032770.60000000,2049
1604952000000,0.25007000,0.25160000,0.25000000,0.25011000,3398086.50000000,2571
1604948400000,0.25042000,0.25126000,0.24974000,0.25007000,3945403.10000000,2190
1604944800000,0.24977000,0.25057000,0.24912000,0.25043000,4833037.30000000,2940
1604941200000,0.24852000,0.24994000,0.24844000,0.24977000,6546265.00000000,3123
1604937600000,0.24658000,0.24880000,0.24566000,0.24857000,11054496.80000000,6450
1604934000000,0.24796000,0.24854000,0.24557000,0.24660000,16243680.20000000,8136
1604930400000,0.25022000,0.25114000,0.24728000,0.24797000,10395920.70000000,5460
1604926800000,0.25213000,0.25226000,0.24860000,0.25022000,15884215.50000000,7887
1604923200000,0.25557000,0.25557000,0.25143000,0.25213000,13728080.70000000,7540
1604919600000,0.25309000,0.25577000,0.25254000,0.25554000,7099341.40000000,4079
1604916000000,0.25114000,0.25329000,0.25109000,0.25308000,4476825.60000000,2461
1604912400000,0.25180000,0.25244000,0.25093000,0.25120000,4716880.60000000,2885
1604908800000,0.24958000,0.25227000,0.24872000,0.25179000,8753562.90000000,5058
1604905200000,0.25006000,0.25198000,0.24942000,0.24958000,6033403.60000000,3792
1604901600000,0.25278000,0.25278000,0.24991000,0.25006000,5778189.00000000,3332
1604898000000,0.25186000,0.25310000,0.25115000,0.25278000,4451480.00000000,2621
1604894400000,0.25262000,0.25262000,0.25109000,0.25185000,4601966.60000000,2679
1604890800000,0.25308000,0.25320000,0.25199000,0.25263000,2603182.30000000,1682
1604887200000,0.25350000,0.25392000,0.25273000,0.25308000,4636318.40000000,2401
1604883600000,0.25518000,0.25547000,0.25324000,0.25349000,4266148.60000000,2316
1604880000000,0.25368000,0.25620000,0.25316000,0.25519000,7184679.10000000,3856
1604876400000,0.25407000,0.25441000,0.25340000,0.25374000,4023890.60000000,2259
1604872800000,0.25265000,0.25429000,0.25262000,0.25411000,2761607.60000000,2049
1604869200000,0.25376000,0.25408000,0.25185000,0.25266000,5413142.90000000,2807
1604865600000,0.25408000,0.25525000,0.25366000,0.25379000,4568166.40000000,2896
1604862000000,0.25551000,0.25576000,0.25249000,0.25403000,9325429.00000000,5060
1604858400000,0.25628000,0.25698000,0.25507000,0.25553000,4577386.10000000,2853
1604854800000,0.25504000,0.25701000,0.25482000,0.25626000,8101431.10000000,4212
1604851200000,0.25514000,0.25563000,0.25397000,0.25500000,5452151.20000000,3109
1604847600000,0.25579000,0.25632000,0.25455000,0.25513000,8592961.10000000,4471
1604844000000,0.25261000,0.25578000,0.25191000,0.25578000,7749445.50000000,4283
1604840400000,0.25322000,0.25360000,0.25124000,0.25261000,5537076.60000000,3142
1604836800000,0.25347000,0.25429000,0.25250000,0.25321000,5153425.00000000,2764
1604833200000,0.25329000,0.25360000,0.25262000,0.25346000,2996716.10000000,1754
1604829600000,0.25159000,0.25389000,0.25135000,0.25336000,5510306.90000000,2841
1604826000000,0.25172000,0.25201000,0.25100000,0.25160000,2693200.80000000,1540
1604822400000,0.25031000,0.25213000,0.25018000,0.25171000,4507313.80000000,2372
1604818800000,0.25128000,0.25168000,0.24990000,0.25029000,3288385.00000000,1923
1604815200000,0.25173000,0.25250000,0.25036000,0.25131000,3446420.70000000,1912
1604811600000,0.25126000,0.25216000,0.25064000,0.25182000,2660002.90000000,1529
1604808000000,0.25022000,0.25164000,0.24993000,0.25118000,2833798.30000000,1755
1604804400000,0.25022000,0.25125000,0.24961000,0.25025000,3047924.50000000,2029
1604800800000,0.25136000,0.25211000,0.24982000,0.25020000,4128567.00000000,2625
1604797200000,0.25031000,0.25156000,0.24902000,0.25127000,6206082.80000000,3209
1604793600000,0.24913000,0.25055000,0.24724000,0.25030000,7182936.70000000,4232
1604790000000,0.24941000,0.25027000,0.24857000,0.24910000,4013070.80000000,2827
1604786400000,0.24807000,0.24962000,0.24630000,0.24940000,4102683.60000000,3009
1604782800000,0.24914000,0.24919000,0.24683000,0.24808000,4905872.10000000,3226
1604779200000,0.24696000,0.24975000,0.24419000,0.24921000,12803022.10000000,6775
1604775600000,0.24829000,0.24948000,0.24500000,0.24699000,24524042.50000000,11647
1604772000000,0.25407000,0.25481000,0.24425000,0.24838000,23750209.00000000,12180
1604768400000,0.25672000,0.25696000,0.25335000,0.25405000,6768588.20000000,4121
1604764800000,0.25560000,0.25705000,0.25130000,0.25667000,18844383.50000000,8808
1604761200000,0.25510000,0.25727000,0.24959000,0.25560000,26066813.50000000,12701
1604757600000,0.26340000,0.26340000,0.25450000,0.25511000,22930926.80000000,11794
1604754000000,0.26465000,0.26500000,0.26059000,0.26336000,11368844.60000000,5883
1604750400000,0.26382000,0.26600000,0.26350000,0.26469000,6508686.90000000,3900
1604746800000,0.26310000,0.26533000,0.26280000,0.26378000,8637959.40000000,3773
1604743200000,0.26295000,0.26340000,0.26140000,0.26309000,3511911.60000000,2180
1604739600000,0.26314000,0.26369000,0.26265000,0.26294000,3488804.00000000,2170
1604736000000,0.26221000,0.26366000,0.26072000,0.26313000,7811254.50000000,4727
1604732400000,0.26396000,0.26413000,0.26179000,0.26221000,5790709.70000000,2548
1604728800000,0.26346000,0.26416000,0.26185000,0.26399000,4854452.00000000,2403
1604725200000,0.26321000,0.26430000,0.26229000,0.26346000,4923167.00000000,2859
1604721600000,0.26424000,0.26530000,0.26191000,0.26322000,5793470.50000000,3292
1604718000000,0.26501000,0.26695000,0.26347000,0.26428000,9706404.40000000,5231
1604714400000,0.26631000,0.26691000,0.26412000,0.26500000,10154771.90000000,5902
1604710800000,0.26226000,0.26733000,0.26070000,0.26630000,18487561.90000000,12182
1604707200000,0.25860000,0.26281000,0.25841000,0.26225000,13959407.50000000,8112
1604703600000,0.25891000,0.26021000,0.25769000,0.25863000,7441881.70000000,4134
1604700000000,0.25506000,0.25940000,0.25435000,0.25886000,5980212.60000000,4182
1604696400000,0.25416000,0.25658000,0.25390000,0.25506000,10467106.90000000,5109
1604692800000,0.25723000,0.25756000,0.25045000,0.25415000,27145821.60000000,15236
1604689200000,0.25794000,0.25909000,0.25661000,0.25723000,7136165.80000000,3278
1604685600000,0.25762000,0.25844000,0.25741000,0.25794000,5105985.10000000,2399
1604682000000,0.25845000,0.25926000,0.25750000,0.25761000,5491173.70000000,2800
1604678400000,0.25635000,0.25925000,0.25620000,0.25845000,10478164.40000000,5087
1604674800000,0.25723000,0.25859000,0.25550000,0.25631000,12549456.70000000,5685
1604671200000,0.26096000,0.26129000,0.25615000,0.25725000,21317156.20000000,8565
1604667600000,0.25767000,0.26140000,0.25729000,0.26096000,15997930.60000000,8220
1604664000000,0.25927000,0.25936000,0.25579000,0.25763000,17246125.50000000,7637
1604660400000,0.25890000,0.25950000,0.25632000,0.25916000,11586040.20000000,7220
1604656800000,0.25262000,0.25920000,0.25249000,0.25891000,18302616.50000000,9274
1604653200000,0.25177000,0.25359000,0.25023000,0.25270000,13450806.20000000,6224
1604649600000,0.25470000,0.25513000,0.25139000,0.25179000,16491637.90000000,6910
1604646000000,0.25241000,0.25477000,0.25204000,0.25470000,9218941.10000000,5107
1604642400000,0.25033000,0.25273000,0.25022000,0.25241000,6566387.90000000,3614
1604638800000,0.24928000,0.25050000,0.24909000,0.25035000,6848609.50000000,3348
1604635200000,0.24868000,0.25027000,0.24866000,0.24928000,6108313.70000000,3013
1604631600000,0.24999000,0.25043000,0.24832000,0.24868000,9105183.50000000,5037
1604628000000,0.25120000,0.25300000,0.24935000,0.24996000,15354312.80000000,8072
1604624400000,0.24918000,0.25200000,0.24833000,0.25117000,14725727.80000000,7499
1604620800000,0.24569000,0.24949000,0.24508000,0.24916000,15137744.80000000,7808
1604617200000,0.24601000,0.24673000,0.24451000,0.24561000,11015355.70000000,5499
1604613600000,0.24453000,0.24602000,0.24432000,0.24602000,6600024.30000000,4071
1604610000000,0.24542000,0.24562000,0.24409000,0.24449000,4361853.80000000,2402
1604606400000,0.24467000,0.24554000,0.24418000,0.24545000,4345178.40000000,2502
1604602800000,0.24450000,0.24500000,0.24393000,0.24467000,4709602.40000000,2323
1604599200000,0.24442000,0.24513000,0.24365000,0.24449000,6050783.10000000,3185
1604595600000,0.24546000,0.24553000,0.24207000,0.24434000,13411398.70000000,6036
1604592000000,0.24530000,0.24743000,0.24492000,0.24544000,18812791.20000000,8657
1604588400000,0.24561000,0.24574000,0.24318000,0.24526000,18498095.10000000,8048
1604584800000,0.24150000,0.24574000,0.24079000,0.24552000,24830341.90000000,10693
1604581200000,0.23850000,0.24433000,0.23743000,0.24152000,28167296.90000000,13634
1604577600000,0.23890000,0.23891000,0.23766000,0.23850000,8844019.30000000,3962
1604574000000,0.23921000,0.23921000,0.23791000,0.23895000,7974923.00000000,5816
1604570400000,0.23769000,0.23919000,0.23712000,0.23916000,6267020.00000000,3563
1604566800000,0.23851000,0.23864000,0.23723000,0.23769000,5608259.30000000,2958
1604563200000,0.23944000,0.23968000,0.23766000,0.23852000,9825453.50000000,4283
1604559600000,0.23909000,0.23985000,0.23865000,0.23948000,5466123.20000000,2456
1604556000000,0.23957000,0.23989000,0.23864000,0.23912000,4499807.80000000,2055
1604552400000,0.23982000,0.24023000,0.23923000,0.23957000,3861904.50000000,1772
1604548800000,0.23922000,0.24133000,0.23903000,0.23976000,8086233.20000000,3674
1604545200000,0.23942000,0.23975000,0.23894000,0.23922000,4517150.60000000,1955
1604541600000,0.23886000,0.24000000,0.23826000,0.23941000,7212651.10000000,3338
1604538000000,0.23816000,0.23908000,0.23809000,0.23889000,2851445.50000000,1504
1604534400000,0.23759000,0.23830000,0.23754000,0.23816000,4799200.80000000,2325
1604530800000,0.23843000,0.23854000,0.23610000,0.23758000,4959974.40000000,2526
1604527200000,0.23707000,0.23890000,0.23700000,0.23848000,3655079.20000000,2097
1604523600000,0.23718000,0.23789000,0.23695000,0.23707000,3663646.00000000,1581
1604520000000,0.23808000,0.23821000,0.23563000,0.23717000,7377813.50000000,3290
1604516400000,0.23807000,0.23837000,0.23736000,0.23803000,3382175.20000000,1609
1604512800000,0.23656000,0.23836000,0.23644000,0.23807000,5512609.10000000,2688
1604509200000,0.23533000,0.23885000,0.23477000,0.23656000,17299005.00000000,8577
1604505600000,0.23410000,0.23793000,0.23351000,0.23531000,21882677.30000000,9188
1604502000000,0.23380000,0.23452000,0.23358000,0.23405000,5657337.20000000,2229
1604498400000,0.23500000,0.23501000,0.23301000,0.23370000,5821291.40000000,2969
1604494800000,0.23554000,0.23554000,0.23405000,0.23501000,5032892.50000000,2691
1604491200000,0.23495000,0.23572000,0.23482000,0.23554000,8511844.40000000,2629
1604487600000,0.23590000,0.23613000,0.23463000,0.23495000,6560919.90000000,2510
1604484000000,0.23591000,0.23717000,0.23488000,0.23590000,6007511.90000000,3636
1604480400000,0.23609000,0.23792000,0.23501000,0.23599000,8371042.30000000,4014
1604476800000,0.23382000,0.23677000,0.23298000,0.23612000,7673023.90000000,4063
1604473200000,0.23744000,0.23755000,0.23213000,0.23384000,13337911.80000000,6102
1604469600000,0.23764000,0.23779000,0.23656000,0.23740000,5440447.30000000,2473
1604466000000,0.23831000,0.23908000,0.23752000,0.23764000,3638044.60000000,1774
1604462400000,0.23852000,0.23939000,0.23786000,0.23832000,4953991.00000000,2590
1604458800000,0.23718000,0.23920000,0.23702000,0.23852000,8526684.20000000,3508
1604455200000,0.23847000,0.23864000,0.23654000,0.23717000,5319156.30000000,2567
1604451600000,0.23746000,0.23886000,0.23602000,0.23845000,6507233.10000000,3355
1604448000000,0.23960000,0.24045000,0.23720000,0.23737000,6165741.60000000,3166
1604444400000,0.23880000,0.24088000,0.23848000,0.23960000,8291920.70000000,3942
1604440800000,0.23803000,0.23960000,0.23639000,0.23879000,4278427.10000000,2524
1604437200000,0.23795000,0.23900000,0.23793000,0.23805000,2272981.80000000,1303
1604433600000,0.23810000,0.23926000,0.23781000,0.23798000,3138273.90000000,2079
1604430000000,0.23762000,0.23889000,0.23762000,0.23809000,3346482.50000000,2191
1604426400000,0.23714000,0.23805000,0.23714000,0.23764000,4086922.10000000,2098
1604422800000,0.23628000,0.23750000,0.23558000,0.23711000,5066340.20000000,2319
1604419200000,0.23779000,0.23800000,0.23581000,0.23624000,7180986.40000000,3435
1604415600000,0.24037000,0.24050000,0.23751000,0.23780000,7965713.60000000,3560
1604412000000,0.23892000,0.24043000,0.23837000,0.24034000,7642035.80000000,3996
1604408400000,0.23715000,0.24137000,0.23652000,0.23891000,14075606.80000000,6766
1604404800000,0.23945000,0.24033000,0.23523000,0.23714000,18088973.00000000,7915
1604401200000,0.24225000,0.24425000,0.23862000,0.23949000,20841062.00000000,9483
1604397600000,0.23255000,0.24345000,0.23203000,0.24225000,24021145.00000000,11442
1604394000000,0.23215000,0.23337000,0.23116000,0.23253000,7430847.90000000,2743
1604390400000,0.23122000,0.23275000,0.23054000,0.23214000,5555841.70000000,2793
1604386800000,0.23124000,0.23164000,0.23089000,0.23129000,6756551.10000000,2569
1604383200000,0.23047000,0.23161000,0.22954000,0.23124000,6564579.30000000,2822
1604379600000,0.22998000,0.23094000,0.22987000,0.23060000,4936459.60000000,2099
1604376000000,0.22971000,0.23025000,0.22831000,0.22997000,8884355.60000000,3357
1604372400000,0.23297000,0.23366000,0.22772000,0.22971000,25016542.70000000,9974
1604368800000,0.23621000,0.23669000,0.23227000,0.23293000,8269062.30000000,3763
1604365200000,0.23537000,0.23648000,0.23537000,0.23615000,5101485.70000000,2132
1604361600000,0.23526000,0.23549000,0.23380000,0.23530000,4811749.00000000,2213
1604358000000,0.23489000,0.23609000,0.23433000,0.23523000,4014227.40000000,1659
1604354400000,0.23510000,0.23552000,0.23406000,0.23481000,2833133.10000000,1653
1604350800000,0.23600000,0.23604000,0.23501000,0.23514000,3170747.30000000,1474
1604347200000,0.23581000,0.23680000,0.23550000,0.23595000,4923516.80000000,2224
1604343600000,0.23413000,0.23588000,0.23411000,0.23584000,2298590.30000000,1208
1604340000000,0.23498000,0.23531000,0.23401000,0.23416000,3102669.00000000,1588
1604336400000,0.23531000,0.23563000,0.23479000,0.23499000,2951154.50000000,1523
1604332800000,0.23501000,0.23548000,0.23435000,0.23529000,3425114.90000000,1741
1604329200000,0.23566000,0.23622000,0.23478000,0.23505000,5399838.60000000,2370
1604325600000,0.23518000,0.23586000,0.23345000,0.23562000,5728675.80000000,2766
1604322000000,0.23460000,0.23588000,0.23437000,0.23522000,6397760.90000000,2695
1604318400000,0.23616000,0.23632000,0.23264000,0.23459000,10065337.30000000,5131
1604314800000,0.23583000,0.23691000,0.23481000,0.23626000,8302090.50000000,4021
1604311200000,0.23756000,0.23788000,0.23564000,0.23583000,4895995.30000000,2507
1604307600000,0.23603000,0.23775000,0.23521000,0.23756000,5595474.70000000,2970
1604304000000,0.24148000,0.24150000,0.23563000,0.23603000,20019163.00000000,9346
1604300400000,0.24090000,0.24181000,0.24072000,0.24149000,2731178.80000000,1474
1604296800000,0.24050000,0.24127000,0.24026000,0.24090000,2412576.40000000,1113
1604293200000,0.24069000,0.24090000,0.23972000,0.24050000,2739243.10000000,1428
1604289600000,0.24042000,0.24109000,0.23939000,0.24068000,3034273.50000000,1793
1604286000000,0.24179000,0.24192000,0.23936000,0.24043000,5792937.10000000,2711
1604282400000,0.24375000,0.24441000,0.24118000,0.24184000,5703715.90000000,2685
1604278800000,0.24277000,0.24520000,0.24175000,0.24378000,6515767.70000000,3190
1604275200000,0.23999000,0.24323000,0.23999000,0.24266000,8247738.20000000,3753
1604271600000,0.23991000,0.24000000,0.23882000,0.23999000,3480508.70000000,1669
1604268000000,0.24106000,0.24130000,0.23938000,0.23991000,2386530.80000000,1622
1604264400000,0.23996000,0.24135000,0.23996000,0.24105000,3376196.00000000,1932
1604260800000,0.23947000,0.24079000,0.23941000,0.23994000,2649718.50000000,1529
1604257200000,0.23886000,0.23955000,0.23880000,0.23945000,1430303.80000000,886
1604253600000,0.23927000,0.23945000,0.23863000,0.23887000,1838885.10000000,845
1604250000000,0.23924000,0.23987000,0.23871000,0.23928000,1614029.90000000,1052
1604246400000,0.23935000,0.23952000,0.23850000,0.23920000,2772007.80000000,1452
1604242800000,0.23874000,0.23999000,0.23873000,0.23934000,2937657.90000000,1536
1604239200000,0.23828000,0.23880000,0.23820000,0.23875000,2653703.80000000,1481
1604235600000,0.23814000,0.23855000,0.23742000,0.23827000,2021277.20000000,1367
1604232000000,0.23895000,0.23957000,0.23648000,0.23814000,11301807.60000000,3750
1604228400000,0.23920000,0.24002000,0.23792000,0.23893000,3952389.20000000,2242
1604224800000,0.23827000,0.23947000,0.23824000,0.23920000,1951852.90000000,1247
1604221200000,0.23898000,0.23910000,0.23810000,0.23826000,2427311.00000000,1399
1604217600000,0.24010000,0.24010000,0.23877000,0.23898000,1679471.50000000,1158
1604214000000,0.23916000,0.24015000,0.23912000,0.24011000,1333704.30000000,919
1604210400000,0.23884000,0.23963000,0.23844000,0.23916000,1542484.30000000,1007
1604206800000,0.23878000,0.23951000,0.23856000,0.23889000,1560191.30000000,1108
1604203200000,0.23873000,0.23892000,0.23761000,0.23874000,1445625.00000000,1135
1604199600000,0.23905000,0.23938000,0.23836000,0.23878000,2036057.10000000,1042
1604196000000,0.24008000,0.24028000,0.23879000,0.23906000,2165118.20000000,1197
1604192400000,0.23975000,0.24025000,0.23950000,0.24011000,1170159.50000000,851
1604188800000,0.23960000,0.24138000,0.23830000,0.23975000,5048056.20000000,3285
1604185200000,0.24078000,0.24081000,0.23928000,0.23968000,2183393.00000000,1341
1604181600000,0.23996000,0.24101000,0.23971000,0.24078000,1494991.50000000,1097
1604178000000,0.24024000,0.24029000,0.23941000,0.24004000,1228319.00000000,953
1604174400000,0.24008000,0.24100000,0.23963000,0.24026000,3924520.30000000,1483
1604170800000,0.23925000,0.24061000,0.23871000,0.24010000,2824683.50000000,1414
1604167200000,0.24003000,0.24003000,0.23903000,0.23928000,3023728.10000000,1812
1604163600000,0.24052000,0.24057000,0.23950000,0.24005000,3008623.70000000,1642
1604160000000,0.24100000,0.24136000,0.24012000,0.24052000,2725818.80000000,1570
1604156400000,0.24129000,0.24133000,0.24049000,0.24101000,2376076.20000000,1492
1604152800000,0.24265000,0.24269000,0.24094000,0.24132000,2287625.50000000,1426
1604149200000,0.24233000,0.24324000,0.24185000,0.24260000,2929382.50000000,1425
1604145600000,0.24277000,0.24351000,0.24209000,0.24232000,4028955.30000000,2355
1604142000000,0.24156000,0.24277000,0.24108000,0.24275000,2494957.90000000,1629
1604138400000,0.24207000,0.24337000,0.23974000,0.24152000,9842987.70000000,5427
1604134800000,0.24112000,0.24283000,0.24075000,0.24205000,9083236.80000000,3773
1604131200000,0.23871000,0.24143000,0.23827000,0.24111000,5911505.60000000,3403
1604127600000,0.23880000,0.23930000,0.23825000,0.23869000,3444085.20000000,1785
1604124000000,0.23790000,0.23906000,0.23743000,0.23883000,4349422.30000000,2313
1604120400000,0.23912000,0.23922000,0.23786000,0.23791000,3676285.30000000,1850
1604116800000,0.23880000,0.23927000,0.23827000,0.23915000,2823004.20000000,1373
1604113200000,0.23878000,0.23899000,0.23760000,0.23880000,2643708.10000000,1632
1604109600000,0.23979000,0.23992000,0.23849000,0.23875000,3303284.50000000,1494
1604106000000,0.23978000,0.24003000,0.23950000,0.23979000,2001055.60000000,1260
1604102400000,0.23906000,0.23997000,0.23815000,0.23978000,2966410.30000000,1765
1604098800000,0.23910000,0.23939000,0.23888000,0.23905000,2138873.10000000,1052
1604095200000,0.23834000,0.23945000,0.23834000,0.23913000,2196993.50000000,1591
1604091600000,0.23842000,0.23900000,0.23746000,0.23830000,2476743.90000000,1519
1604088000000,0.23833000,0.23888000,0.23732000,0.23841000,4348871.30000000,2127
1604084400000,0.23803000,0.23851000,0.23769000,0.23836000,1727343.80000000,1178
1604080800000,0.23824000,0.23897000,0.23756000,0.23802000,2477627.60000000,1793
1604077200000,0.23769000,0.23935000,0.23769000,0.23824000,5437780.20000000,2598
1604073600000,0.23824000,0.23824000,0.23647000,0.23770000,6287470.60000000,3202
1604070000000,0.23607000,0.23861000,0.23607000,0.23825000,4289991.40000000,2603
1604066400000,0.23606000,0.23693000,0.23561000,0.23609000,3023849.30000000,1822
1604062800000,0.23704000,0.23760000,0.23532000,0.23611000,4597817.30000000,2868
1604059200000,0.23714000,0.23851000,0.23663000,0.23704000,8229219.60000000,3755
1604055600000,0.23533000,0.23848000,0.23477000,0.23716000,5914618.60000000,3322
1604052000000,0.23473000,0.23568000,0.23327000,0.23532000,5154624.40000000,2893
1604048400000,0.23636000,0.23636000,0.23057000,0.23472000,16446845.90000000,9646
1604044800000,0.23714000,0.23855000,0.23614000,0.23637000,5165053.60000000,3027
1604041200000,0.23694000,0.23774000,0.23474000,0.23711000,10230683.10000000,4229
1604037600000,0.23573000,0.23740000,0.23561000,0.23693000,6121497.50000000,3143
1604034000000,0.23975000,0.24103000,0.23550000,0.23576000,11438549.80000000,6010
1604030400000,0.23986000,0.24093000,0.23943000,0.23986000,5085254.40000000,2350
1604026800000,0.24082000,0.24205000,0.23951000,0.23992000,6353710.70000000,3246
1604023200000,0.24251000,0.24379000,0.24062000,0.24070000,4002550.50000000,2294
1604019600000,0.24374000,0.24402000,0.24211000,0.24251000,4463337.80000000,2024
1604016000000,0.24232000,0.24398000,0.24180000,0.24374000,5813851.90000000,2980
1604012400000,0.24133000,0.24291000,0.24133000,0.24239000,2574224.00000000,1492
1604008800000,0.24442000,0.24457000,0.24132000,0.24132000,5152521.10000000,2887
1604005200000,0.24453000,0.24464000,0.24318000,0.24450000,1540523.20000000,1116
1604001600000,0.24387000,0.24478000,0.24375000,0.24450000,3176833.40000000,1632
1603998000000,0.24534000,0.24567000,0.24388000,0.24388000,5675608.00000000,2231
1603994400000,0.24509000,0.24570000,0.24441000,0.24529000,3841118.30000000,2033
1603990800000,0.24695000,0.24702000,0.24485000,0.24509000,4502458.70000000,2407
1603987200000,0.24480000,0.24700000,0.24424000,0.24697000,7231416.60000000,3797
1603983600000,0.24537000,0.24584000,0.24450000,0.24479000,4571155.90000000,2462
1603980000000,0.24372000,0.24549000,0.24317000,0.24537000,7448176.50000000,3705
1603976400000,0.24232000,0.24373000,0.24194000,0.24373000,5777341.80000000,3022
1603972800000,0.24220000,0.24246000,0.23960000,0.24232000,13084956.20000000,6224
1603969200000,0.24309000,0.24342000,0.24217000,0.24220000,4925866.50000000,2176
1603965600000,0.24342000,0.24344000,0.24242000,0.24309000,8502064.50000000,2758
1603962000000,0.24295000,0.24395000,0.24243000,0.24341000,5854366.00000000,2742
1603958400000,0.24483000,0.24518000,0.24243000,0.24295000,10266141.40000000,5763
1603954800000,0.24613000,0.24658000,0.24400000,0.24482000,7206772.40000000,2666
1603951200000,0.24635000,0.24659000,0.24550000,0.24612000,4128984.70000000,1812
1603947600000,0.24549000,0.24656000,0.24538000,0.24639000,2398792.10000000,1341
1603944000000,0.24678000,0.24702000,0.24528000,0.24543000,3845888.20000000,1855
1603940400000,0.24542000,0.24680000,0.24488000,0.24677000,3254055.50000000,1324
1603936800000,0.24608000,0.24611000,0.24498000,0.24538000,3094258.60000000,1555
1603933200000,0.24482000,0.24658000,0.24440000,0.24609000,4623225.90000000,2129
1603929600000,0.24540000,0.24557000,0.24440000,0.24482000,5181453.10000000,2771
1603926000000,0.24630000,0.24784000,0.24520000,0.24540000,6176896.00000000,2602
1603922400000,0.24592000,0.24649000,0.24523000,0.24618000,2607157.80000000,1610
1603918800000,0.24509000,0.24637000,0.24440000,0.24592000,3436374.50000000,2230
1603915200000,0.24492000,0.24571000,0.24455000,0.24506000,2322275.20000000,1314
1603911600000,0.24614000,0.24636000,0.24449000,0.24492000,2973127.80000000,1816
1603908000000,0.24580000,0.24684000,0.24533000,0.24608000,4942066.20000000,2001
1603904400000,0.24587000,0.24629000,0.24440000,0.24581000,4263223.60000000,2592
1603900800000,0.24667000,0.24737000,0.24482000,0.24583000,6917143.10000000,3288
1603897200000,0.24526000,0.24688000,0.24459000,0.24668000,6639128.20000000,3027
1603893600000,0.24715000,0.24794000,0.24512000,0.24526000,12782017.40000000,5791
1603890000000,0.24851000,0.24932000,0.24717000,0.24729000,6360162.90000000,2935
1603886400000,0.24773000,0.24914000,0.24737000,0.24861000,10959963.30000000,4268
1603882800000,0.25029000,0.25029000,0.24662000,0.24776000,11268984.80000000,5643
1603879200000,0.24829000,0.25149000,0.24753000,0.25033000,9306003.00000000,4255
1603875600000,0.25018000,0.25273000,0.24800000,0.24838000,9506675.10000000,4458
1603872000000,0.25001000,0.25028000,0.24820000,0.25015000,5868794.90000000,3246
1603868400000,0.25112000,0.25164000,0.24855000,0.25000000,7557469.30000000,4050
1603864800000,0.25204000,0.25228000,0.25094000,0.25113000,3664265.90000000,2845
1603861200000,0.25273000,0.25300000,0.25184000,0.25201000,4702910.20000000,3740
1603857600000,0.25340000,0.25404000,0.25230000,0.25273000,4424505.90000000,3154
1603854000000,0.25294000,0.25666000,0.25256000,0.25333000,11016103.10000000,6086
1603850400000,0.25292000,0.25299000,0.25177000,0.25295000,4299384.30000000,2313
1603846800000,0.25232000,0.25346000,0.25208000,0.25293000,6278515.60000000,2989
1603843200000,0.25273000,0.25290000,0.25173000,0.25233000,4484919.10000000,2090
1603839600000,0.25114000,0.25338000,0.25099000,0.25273000,6729273.80000000,3118
1603836000000,0.25084000,0.25138000,0.25029000,0.25114000,2989672.90000000,1721
1603832400000,0.25049000,0.25177000,0.25049000,0.25082000,2358462.30000000,1557
1603828800000,0.25139000,0.25151000,0.24927000,0.25050000,5100206.90000000,2527
1603825200000,0.25141000,0.25181000,0.25103000,0.25138000,2580302.80000000,1378
1603821600000,0.25284000,0.25337000,0.25030000,0.25141000,7794587.80000000,3910
1603818000000,0.25380000,0.25380000,0.25176000,0.25284000,6965001.10000000,3545
1603814400000,0.25298000,0.25398000,0.25225000,0.25379000,7662925.60000000,3782
1603810800000,0.25176000,0.25313000,0.25164000,0.25295000,7880956.80000000,2933
1603807200000,0.25190000,0.25246000,0.25082000,0.25178000,4346294.40000000,1866
1603803600000,0.25249000,0.25277000,0.25112000,0.25187000,7925071.00000000,3122
1603800000000,0.25219000,0.25314000,0.25135000,0.25250000,6284190.80000000,3100
1603796400000,0.25173000,0.25264000,0.25008000,0.25215000,16526937.50000000,5657
1603792800000,0.25068000,0.25214000,0.25032000,0.25167000,6027165.40000000,2716
1603789200000,0.24931000,0.25081000,0.24898000,0.25074000,3992992.00000000,2050
1603785600000,0.25079000,0.25117000,0.24898000,0.24928000,4333888.70000000,2025
1603782000000,0.25118000,0.25134000,0.25016000,0.25080000,3137071.20000000,1797
1603778400000,0.24924000,0.25117000,0.24871000,0.25117000,3823415.20000000,1769
1603774800000,0.24987000,0.25029000,0.24891000,0.24926000,3649240.60000000,1676
1603771200000,0.24905000,0.25000000,0.24905000,0.24983000,3087496.50000000,1528
1603767600000,0.24834000,0.24908000,0.24833000,0.24897000,2244712.00000000,1170
1603764000000,0.24887000,0.24917000,0.24770000,0.24834000,3421688.00000000,1627
1603760400000,0.24952000,0.24955000,0.24849000,0.24888000,2239376.70000000,1115
1603756800000,0.24811000,0.24973000,0.24743000,0.24938000,4096530.40000000,1909
1603753200000,0.24823000,0.24901000,0.24794000,0.24810000,2906709.30000000,1289
1603749600000,0.24804000,0.24823000,0.24730000,0.24821000,1882752.70000000,1075
1603746000000,0.24786000,0.24881000,0.24762000,0.24803000,2098026.00000000,1283
1603742400000,0.24801000,0.24834000,0.24733000,0.24784000,3306120.50000000,1745
1603738800000,0.24676000,0.24817000,0.24655000,0.24791000,3994798.50000000,2057
1603735200000,0.24560000,0.24717000,0.24481000,0.24679000,5555321.10000000,2660
1603731600000,0.24671000,0.24790000,0.24341000,0.24558000,12140743.00000000,6178
1603728000000,0.24954000,0.25014000,0.24516000,0.24675000,15551613.10000000,7360
1603724400000,0.25278000,0.25281000,0.24880000,0.24958000,24768655.80000000,9319
1603720800000,0.25386000,0.25399000,0.25251000,0.25283000,6776028.70000000,2817
1603717200000,0.25317000,0.25428000,0.25239000,0.25386000,6160281.50000000,2869
1603713600000,0.25450000,0.25465000,0.25285000,0.25318000,5664395.20000000,3936
1603710000000,0.25462000,0.25527000,0.25405000,0.25453000,3403708.50000000,1978
1603706400000,0.25471000,0.25490000,0.25342000,0.25462000,3327116.70000000,1697
1603702800000,0.25447000,0.25491000,0.25427000,0.25471000,2238907.70000000,1423
1603699200000,0.25494000,0.25506000,0.25221000,0.25439000,8009364.30000000,4162
1603695600000,0.25594000,0.25619000,0.25485000,0.25495000,3041578.50000000,1920
1603692000000,0.25632000,0.25652000,0.25520000,0.25595000,3002187.10000000,1719
1603688400000,0.25625000,0.25671000,0.25607000,0.25635000,2697350.40000000,1341
1603684800000,0.25681000,0.25692000,0.25520000,0.25626000,5226878.30000000,2454
1603681200000,0.25705000,0.25746000,0.25627000,0.25683000,3530140.50000000,1746
1603677600000,0.25683000,0.25759000,0.25654000,0.25702000,4027700.40000000,1779
1603674000000,0.25771000,0.25823000,0.25600000,0.25682000,6906619.30000000,2848
1603670400000,0.25313000,0.25910000,0.25262000,0.25768000,16791508.80000000,8081
1603666800000,0.25241000,0.25318000,0.25236000,0.25313000,1833343.90000000,880
1603663200000,0.25349000,0.25349000,0.25188000,0.25242000,2764033.20000000,1423
1603659600000,0.25317000,0.25363000,0.25285000,0.25346000,1787002.70000000,1063
1603656000000,0.25344000,0.25362000,0.25300000,0.25317000,2055885.50000000,1015
1603652400000,0.25238000,0.25349000,0.25229000,0.25347000,2001844.40000000,1042
1603648800000,0.25265000,0.25283000,0.25163000,0.25233000,2172291.40000000,1277
1603645200000,0.25319000,0.25356000,0.25245000,0.25264000,2036550.00000000,1098
1603641600000,0.25262000,0.25335000,0.25125000,0.25318000,3360501.00000000,1601
1603638000000,0.25349000,0.25368000,0.25225000,0.25262000,2252560.60000000,1260
1603634400000,0.25320000,0.25372000,0.25300000,0.25347000,2111279.40000000,1093
1603630800000,0.25320000,0.25366000,0.25273000,0.25323000,1382846.60000000,961
1603627200000,0.25257000,0.25344000,0.25226000,0.25321000,1868654.70000000,1234
1603623600000,0.25291000,0.25293000,0.25131000,0.25262000,2948085.60000000,1687
1603620000000,0.25293000,0.25296000,0.25160000,0.25295000,3413032.90000000,1663
1603616400000,0.25301000,0.25348000,0.25230000,0.25291000,2101025.40000000,1390
1603612800000,0.25428000,0.25431000,0.25192000,0.25305000,3885372.50000000,2078
1603609200000,0.25404000,0.25445000,0.25349000,0.25429000,2558672.10000000,1502
1603605600000,0.25289000,0.25434000,0.25238000,0.25407000,2655149.10000000,1855
1603602000000,0.25651000,0.25672000,0.25105000,0.25294000,10840898.50000000,5454
1603598400000,0.25680000,0.25702000,0.25602000,0.25652000,3835712.50000000,1704
1603594800000,0.25533000,0.25714000,0.25532000,0.25675000,4654116.20000000,2216
1603591200000,0.25524000,0.25577000,0.25497000,0.25532000,2717733.30000000,973
1603587600000,0.25580000,0.25596000,0.25491000,0.25523000,1825517.30000000,961
1603584000000,0.25620000,0.25620000,0.25433000,0.25580000,3034825.00000000,1795
1603580400000,0.25571000,0.25626000,0.25535000,0.25620000,1677129.40000000,850
1603576800000,0.25534000,0.25600000,0.25502000,0.25572000,1514408.90000000,927
1603573200000,0.25600000,0.25630000,0.25512000,0.25533000,1751402.30000000,1156
1603569600000,0.25721000,0.25728000,0.25584000,0.25600000,2273664.40000000,1274
1603566000000,0.25635000,0.25763000,0.25632000,0.25721000,2460467.10000000,1544
1603562400000,0.25664000,0.25708000,0.25589000,0.25635000,2953592.90000000,1769
1603558800000,0.25600000,0.25760000,0.25600000,0.25663000,4312132.90000000,2272
1603555200000,0.25560000,0.25615000,0.25470000,0.25606000,4261344.50000000,2064
1603551600000,0.25578000,0.25656000,0.25531000,0.25554000,4342956.20000000,2367
1603548000000,0.25587000,0.25678000,0.25365000,0.25576000,7776287.60000000,4025
1603544400000,0.25512000,0.25636000,0.25504000,0.25587000,3418584.30000000,2016
1603540800000,0.25548000,0.25580000,0.25451000,0.25511000,2333766.60000000,1440
1603537200000,0.25505000,0.25550000,0.25427000,0.25546000,2978653.50000000,1579
1603533600000,0.25402000,0.25542000,0.25380000,0.25506000,2973256.80000000,1627
1603530000000,0.25367000,0.25420000,0.25307000,0.25402000,2339329.30000000,1232
1603526400000,0.25392000,0.25409000,0.25253000,0.25370000,4049867.90000000,2096
1603522800000,0.25471000,0.25522000,0.25391000,0.25391000,2649676.20000000,1270
1603519200000,0.25530000,0.25539000,0.25466000,0.25466000,2151069.30000000,1083
1603515600000,0.25527000,0.25530000,0.25449000,0.25530000,2353480.20000000,1247
1603512000000,0.25445000,0.25588000,0.25445000,0.25527000,2859577.50000000,1493
1603508400000,0.25502000,0.25550000,0.25430000,0.25444000,2514627.10000000,1249
1603504800000,0.25482000,0.25520000,0.25415000,0.25501000,2361089.50000000,1236
1603501200000,0.25369000,0.25510000,0.25360000,0.25480000,1878837.60000000,1116
1603497600000,0.25472000,0.25496000,0.25317000,0.25367000,3675929.80000000,1603
1603494000000,0.25404000,0.25517000,0.25390000,0.25471000,2911962.10000000,1838
1603490400000,0.25420000,0.25454000,0.25388000,0.25401000,1732639.60000000,1017
1603486800000,0.25401000,0.25488000,0.25354000,0.25420000,3000918.10000000,1709
1603483200000,0.25369000,0.25419000,0.25335000,0.25401000,2958904.70000000,1576
1603479600000,0.25232000,0.25368000,0.25208000,0.25368000,2926114.40000000,1493
1603476000000,0.25129000,0.25276000,0.25120000,0.25232000,2880448.80000000,1580
1603472400000,0.25155000,0.25240000,0.25030000,0.25127000,6329774.30000000,3191
1603468800000,0.25463000,0.25560000,0.25005000,0.25153000,20333425.80000000,8035
1603465200000,0.25477000,0.25593000,0.25268000,0.25471000,10202597.00000000,4172
1603461600000,0.25667000,0.25693000,0.25402000,0.25478000,10989317.60000000,5369
1603458000000,0.25800000,0.25801000,0.25660000,0.25668000,3370905.20000000,1864
1603454400000,0.25715000,0.25814000,0.25656000,0.25806000,5069072.90000000,2622
1603450800000,0.25817000,0.25825000,0.25704000,0.25715000,4569643.30000000,2100
1603447200000,0.25799000,0.25862000,0.25763000,0.25814000,5286936.30000000,2614
1603443600000,0.25722000,0.25805000,0.25666000,0.25798000,3908695.60000000,1786
1603440000000,0.25663000,0.25790000,0.25589000,0.25725000,5748475.80000000,2823
1603436400000,0.25709000,0.25766000,0.25629000,0.25664000,5170916.20000000,2389
1603432800000,0.25904000,0.25910000,0.25699000,0.25708000,6598900.50000000,3118
1603429200000,0.25790000,0.25910000,0.25778000,0.25904000,6506899.90000000,3011
1603425600000,0.25836000,0.25911000,0.25780000,0.25792000,6227610.60000000,2610
1603422000000,0.25804000,0.25921000,0.25750000,0.25836000,6673332.60000000,3126
1603418400000,0.25640000,0.25831000,0.25636000,0.25804000,7397457.70000000,2830
1603414800000,0.25600000,0.25737000,0.25565000,0.25640000,4896822.20000000,2482
1603411200000,0.25703000,0.25727000,0.25477000,0.25600000,10040657.30000000,4699
1603407600000,0.26080000,0.26091000,0.25364000,0.25709000,37206152.00000000,16954
1603404000000,0.26222000,0.26357000,0.26060000,0.26073000,8576425.80000000,3960
1603400400000,0.26179000,0.26303000,0.26052000,0.26217000,5631159.50000000,3097
1603396800000,0.26074000,0.26263000,0.26071000,0.26178000,4776802.80000000,2516
1603393200000,0.26193000,0.26238000,0.26073000,0.26073000,6773571.90000000,3606
1603389600000,0.26132000,0.26209000,0.26065000,0.26190000,8557434.40000000,3360
1603386000000,0.26240000,0.26285000,0.26016000,0.26133000,11078351.30000000,5260
1603382400000,0.26151000,0.26248000,0.26040000,0.26242000,9712368.70000000,5144
1603378800000,0.26091000,0.26178000,0.25979000,0.26151000,10523154.70000000,4443
1603375200000,0.26118000,0.26124000,0.25915000,0.26091000,11228766.00000000,4681
1603371600000,0.25963000,0.26184000,0.25944000,0.26118000,9008224.00000000,4340
1603368000000,0.26142000,0.26176000,0.25793000,0.25960000,17020681.90000000,6884
1603364400000,0.26105000,0.26200000,0.25991000,0.26142000,12427858.80000000,5899
1603360800000,0.25844000,0.26149000,0.25781000,0.26105000,14030887.30000000,7752
1603357200000,0.25904000,0.25960000,0.25692000,0.25845000,9860769.90000000,4951
1603353600000,0.25716000,0.25953000,0.25692000,0.25907000,12882554.40000000,6933
1603350000000,0.25609000,0.25740000,0.25514000,0.25719000,5972845.50000000,2802
1603346400000,0.25559000,0.25724000,0.25559000,0.25608000,9538725.10000000,4637
1603342800000,0.25520000,0.25596000,0.25433000,0.25558000,4460661.20000000,2439
1603339200000,0.25533000,0.25565000,0.25371000,0.25520000,7047193.30000000,3536
1603335600000,0.25628000,0.25681000,0.25526000,0.25533000,10654297.20000000,5917
1603332000000,0.25654000,0.25659000,0.25449000,0.25630000,13078859.20000000,7164
1603328400000,0.25452000,0.25771000,0.25362000,0.25654000,10978400.40000000,5797
1603324800000,0.25080000,0.25497000,0.25077000,0.25454000,11453690.80000000,5935
1603321200000,0.25394000,0.25417000,0.24938000,0.25088000,16045072.30000000,9008
1603317600000,0.25324000,0.25421000,0.25251000,0.25391000,9448497.60000000,4776
1603314000000,0.25173000,0.25363000,0.25135000,0.25324000,5852931.20000000,3456
1603310400000,0.25105000,0.25220000,0.25105000,0.25171000,6045377.40000000,2770
1603306800000,0.25250000,0.25270000,0.25100000,0.25106000,5666488.10000000,3047
1603303200000,0.25200000,0.25320000,0.25171000,0.25246000,7020829.50000000,3470
1603299600000,0.25342000,0.25462000,0.25154000,0.25203000,10966902.30000000,4627
1603296000000,0.25228000,0.25555000,0.25228000,0.25342000,16192433.80000000,7740
1603292400000,0.25285000,0.25285000,0.25088000,0.25227000,9625349.60000000,4760
1603288800000,0.25151000,0.25326000,0.25051000,0.25284000,16634280.50000000,8765
1603285200000,0.24840000,0.25200000,0.24789000,0.25147000,15256154.40000000,7099
1603281600000,0.24790000,0.24869000,0.24691000,0.24829000,7148106.90000000,3393
1603278000000,0.24721000,0.24835000,0.24687000,0.24790000,4809097.90000000,2561
1603274400000,0.24685000,0.24836000,0.24675000,0.24719000,4568995.00000000,2326
1603270800000,0.24633000,0.24702000,0.24622000,0.24685000,2952959.40000000,1504
1603267200000,0.24855000,0.24867000,0.24616000,0.24634000,4981702.10000000,2153
1603263600000,0.24765000,0.24880000,0.24680000,0.24858000,7984578.50000000,3306
1603260000000,0.24682000,0.24869000,0.24681000,0.24760000,8446876.10000000,3953
1603256400000,0.24732000,0.24748000,0.24509000,0.24682000,7704564.60000000,4034
1603252800000,0.24868000,0.24925000,0.24678000,0.24736000,8996018.00000000,4744
1603249200000,0.24475000,0.24900000,0.24475000,0.24869000,19972358.80000000,8623
1603245600000,0.24517000,0.24610000,0.24446000,0.24463000,8888824.00000000,2932
1603242000000,0.24457000,0.24523000,0.24446000,0.24511000,3842444.40000000,1636
1603238400000,0.24324000,0.24508000,0.24249000,0.24458000,4353076.90000000,2321
1603234800000,0.24432000,0.24432000,0.24271000,0.24322000,3658961.30000000,1884
1603231200000,0.24370000,0.24466000,0.24328000,0.24434000,2704935.10000000,1692
1603227600000,0.24403000,0.24404000,0.24311000,0.24367000,1743887.70000000,1265
1603224000000,0.24251000,0.24431000,0.24229000,0.24404000,5352842.20000000,2581
1603220400000,0.24320000,0.24346000,0.24168000,0.24253000,4615484.10000000,2330
1603216800000,0.24284000,0.24342000,0.24213000,0.24313000,3447254.50000000,1820
1603213200000,0.24335000,0.24354000,0.24225000,0.24287000,6906227.40000000,3703
1603209600000,0.24429000,0.24494000,0.24255000,0.24330000,6985954.10000000,3638
1603206000000,0.24505000,0.24580000,0.24380000,0.24432000,9378673.40000000,4391
1603202400000,0.24353000,0.24531000,0.24349000,0.24506000,7521859.50000000,3153
1603198800000,0.24365000,0.24388000,0.24148000,0.24348000,7128748.70000000,3669
1603195200000,0.24279000,0.24420000,0.24228000,0.24369000,4555516.40000000,2340
1603191600000,0.24549000,0.24649000,0.24110000,0.24280000,15642631.40000000,7531
1603188000000,0.24635000,0.24637000,0.24506000,0.24549000,4900073.60000000,2319
1603184400000,0.24503000,0.24666000,0.24494000,0.24635000,3103821.40000000,1823
1603180800000,0.24528000,0.24550000,0.24300000,0.24505000,9043306.30000000,3634
1603177200000,0.24812000,0.24827000,0.24428000,0.24529000,7659042.70000000,3616
1603173600000,0.24684000,0.24850000,0.24630000,0.24812000,5985568.10000000,2334
1603170000000,0.24730000,0.24799000,0.24648000,0.24684000,4542855.80000000,2477
1603166400000,0.24908000,0.24973000,0.24730000,0.24730000,7349214.30000000,4300
1603162800000,0.24529000,0.25039000,0.24491000,0.24908000,11519442.60000000,7303
1603159200000,0.24532000,0.24555000,0.24514000,0.24529000,2463138.00000000,1267
1603155600000,0.24507000,0.24573000,0.24496000,0.24531000,2219997.20000000,1251
1603152000000,0.24557000,0.24587000,0.24473000,0.24504000,4156672.40000000,2663
1603148400000,0.24715000,0.24724000,0.24534000,0.24558000,5005108.60000000,2312
1603144800000,0.24727000,0.24771000,0.24595000,0.24713000,2990030.90000000,1813
1603141200000,0.24677000,0.24729000,0.24656000,0.24723000,1719643.10000000,1145
1603137600000,0.24633000,0.24690000,0.24585000,0.24677000,2769152.40000000,1593
1603134000000,0.24654000,0.24683000,0.24611000,0.24632000,4255539.30000000,1867
1603130400000,0.24758000,0.24815000,0.24653000,0.24653000,6090206.60000000,2604
1603126800000,0.24868000,0.24894000,0.24746000,0.24757000,4426102.60000000,2021
1603123200000,0.24800000,0.24945000,0.24776000,0.24871000,5634381.10000000,3069
1603119600000,0.24706000,0.24876000,0.24687000,0.24797000,8139702.90000000,4570
1603116000000,0.24767000,0.24835000,0.24654000,0.24706000,7408555.70000000,4242
1603112400000,0.24787000,0.24931000,0.24755000,0.24765000,13396026.80000000,6327
1603108800000,0.24705000,0.24860000,0.24703000,0.24785000,9880304.30000000,4098
1603105200000,0.24574000,0.24878000,0.24562000,0.24706000,14579485.00000000,5989
1603101600000,0.24541000,0.24620000,0.24488000,0.24575000,7774096.90000000,3373
1603098000000,0.24106000,0.24683000,0.24083000,0.24536000,16657881.00000000,7405
1603094400000,0.24058000,0.24144000,0.24057000,0.24106000,3570547.40000000,1657
1603090800000,0.24102000,0.24134000,0.24054000,0.24058000,2621900.10000000,1213
1603087200000,0.24057000,0.24129000,0.24032000,0.24104000,2399493.00000000,1179
1603083600000,0.24074000,0.24090000,0.24011000,0.24055000,3221222.50000000,1294
1603080000000,0.24049000,0.24103000,0.24042000,0.24075000,3838065.20000000,1504
1603076400000,0.24201000,0.24214000,0.24046000,0.24049000,4658927.50000000,2105
1603072800000,0.24196000,0.24222000,0.24165000,0.24198000,2602909.20000000,1494
1603069200000,0.24220000,0.24233000,0.24186000,0.24193000,2789855.60000000,1297
1603065600000,0.24220000,0.24292000,0.24171000,0.24222000,7832097.00000000,2947
1603062000000,0.24150000,0.24228000,0.24136000,0.24221000,3258757.10000000,1513
1603058400000,0.24224000,0.24226000,0.24137000,0.24149000,3016287.00000000,1490
1603054800000,0.24192000,0.24232000,0.24159000,0.24222000,2050833.70000000,1052
1603051200000,0.24185000,0.24197000,0.24143000,0.24191000,1722995.20000000,1069
1603047600000,0.24210000,0.24233000,0.24185000,0.24185000,2318143.50000000,982
1603044000000,0.24263000,0.24278000,0.24210000,0.24212000,1951628.00000000,1055
1603040400000,0.24245000,0.24275000,0.24211000,0.24263000,2802553.60000000,1239
1603036800000,0.24251000,0.24265000,0.24206000,0.24246000,2055169.20000000,1156
1603033200000,0.24281000,0.24286000,0.24200000,0.24248000,2732333.40000000,1348
1603029600000,0.24227000,0.24362000,0.24223000,0.24279000,5283295.80000000,2349
1603026000000,0.24199000,0.24232000,0.24181000,0.24224000,1883760.70000000,978
1603022400000,0.24166000,0.24200000,0.24158000,0.24196000,1669459.60000000,994
1603018800000,0.24198000,0.24214000,0.24156000,0.24169000,2349644.10000000,1136
1603015200000,0.24166000,0.24200000,0.24159000,0.24188000,2046055.40000000,1110
1603011600000,0.24194000,0.24218000,0.24161000,0.24166000,1842938.40000000,1136
1603008000000,0.24286000,0.24326000,0.24185000,0.24195000,4356027.40000000,1677
1603004400000,0.24248000,0.24290000,0.24216000,0.24283000,2561696.80000000,1307
1603000800000,0.24164000,0.24311000,0.24135000,0.24243000,4945739.90000000,2120
1602997200000,0.24139000,0.24194000,0.24132000,0.24164000,1035749.70000000,681
1602993600000,0.24104000,0.24160000,0.24103000,0.24142000,2049763.30000000,1012
1602990000000,0.24123000,0.24145000,0.24098000,0.24105000,1561395.20000000,748
1602986400000,0.24133000,0.24144000,0.24085000,0.24123000,1438618.50000000,724
1602982800000,0.24091000,0.24163000,0.24091000,0.24132000,1653780.40000000,809
1602979200000,0.24059000,0.24133000,0.24005000,0.24090000,3036087.30000000,1563
1602975600000,0.24057000,0.24085000,0.24045000,0.24057000,1690293.40000000,838
1602972000000,0.24039000,0.24089000,0.24011000,0.24056000,2529375.80000000,1335
1602968400000,0.24174000,0.24198000,0.24001000,0.24040000,2360630.40000000,1340
1602964800000,0.24192000,0.24198000,0.24120000,0.24174000,2598086.20000000,1187
1602961200000,0.24178000,0.24220000,0.24161000,0.24196000,2000345.70000000,1042
1602957600000,0.24117000,0.24194000,0.24095000,0.24173000,2003053.20000000,1041
1602954000000,0.24039000,0.24124000,0.24029000,0.24118000,1586441.00000000,1087
1602950400000,0.24144000,0.24145000,0.23990000,0.24041000,4029451.90000000,1889
1602946800000,0.24206000,0.24329000,0.24084000,0.24145000,3859695.30000000,2303
1602943200000,0.24115000,0.24258000,0.24078000,0.24205000,7533849.20000000,2996
1602939600000,0.24131000,0.24146000,0.24078000,0.24113000,5171489.80000000,1666
1602936000000,0.24151000,0.24163000,0.24104000,0.24134000,1541191.10000000,817
1602932400000,0.24186000,0.24200000,0.24115000,0.24151000,2861297.50000000,1269
1602928800000,0.24129000,0.24187000,0.24117000,0.24186000,2066244.80000000,955
1602925200000,0.24088000,0.24129000,0.24078000,0.24127000,3727640.80000000,1278
1602921600000,0.24161000,0.24181000,0.24083000,0.24088000,1851928.30000000,989
1602918000000,0.24093000,0.24194000,0.24092000,0.24159000,4921569.30000000,1598
1602914400000,0.24151000,0.24162000,0.24020000,0.24093000,6087085.50000000,2786
1602910800000,0.24195000,0.24214000,0.24090000,0.24150000,2775643.60000000,1205
1602907200000,0.24252000,0.24259000,0.24135000,0.24195000,2289349.50000000,1343
1602903600000,0.23963000,0.24260000,0.23952000,0.24255000,3493074.40000000,1816
1602900000000,0.23971000,0.23990000,0.23941000,0.23963000,3002103.20000000,1365
1602896400000,0.23915000,0.23996000,0.23909000,0.23973000,2511675.50000000,1064
1602892800000,0.24014000,0.24050000,0.23853000,0.23907000,3712713.30000000,1835
1602889200000,0.24016000,0.24046000,0.23973000,0.24011000,3828120.90000000,1559
1602885600000,0.24017000,0.24039000,0.23984000,0.24016000,2800240.00000000,1155
1602882000000,0.23957000,0.24026000,0.23916000,0.24019000,1297640.80000000,909
1602878400000,0.23910000,0.23964000,0.23856000,0.23956000,3145580.00000000,1620
1602874800000,0.24052000,0.24054000,0.23905000,0.23905000,4150721.70000000,1611
1602871200000,0.23985000,0.24100000,0.23983000,0.24050000,4099537.80000000,1717
1602867600000,0.23999000,0.24036000,0.23921000,0.23986000,3247924.20000000,1494
1602864000000,0.23948000,0.24014000,0.23875000,0.23999000,5470474.10000000,2261
1602860400000,0.23936000,0.23966000,0.23809000,0.23947000,7691095.30000000,3274
1602856800000,0.24162000,0.24215000,0.23918000,0.23937000,7730467.30000000,3106
1602853200000,0.24202000,0.24247000,0.24124000,0.24159000,3721833.90000000,1817
1602849600000,0.24160000,0.24265000,0.24120000,0.24205000,5279429.70000000,2333
1602846000000,0.24033000,0.24249000,0.23994000,0.24163000,5689825.90000000,2404
1602842400000,0.23887000,0.24140000,0.23881000,0.24030000,4850084.30000000,2307
1602838800000,0.24089000,0.24089000,0.23750000,0.23878000,11082962.70000000,4595
1602835200000,0.24158000,0.24222000,0.24016000,0.24088000,9815014.80000000,3651
1602831600000,0.24199000,0.24255000,0.24159000,0.24159000,5751762.70000000,2446
1602828000000,0.24212000,0.24219000,0.24140000,0.24200000,4455257.80000000,2064
1602824400000,0.24164000,0.24246000,0.24091000,0.24221000,5631991.80000000,2815
1602820800000,0.24679000,0.24679000,0.23876000,0.24160000,34034022.10000000,14087
1602817200000,0.24685000,0.24787000,0.24632000,0.24680000,4114511.20000000,1827
1602813600000,0.24715000,0.24728000,0.24637000,0.24683000,3215160.30000000,1526
1602810000000,0.24606000,0.24714000,0.24596000,0.24712000,4527758.20000000,1732
1602806400000,0.24584000,0.24620000,0.24472000,0.24607000,4008975.50000000,2087
1602802800000,0.24540000,0.24596000,0.24521000,0.24596000,3362032.00000000,1659
1602799200000,0.24554000,0.24627000,0.24535000,0.24540000,3163550.60000000,1568
1602795600000,0.24670000,0.24703000,0.24510000,0.24548000,3669327.40000000,2169
1602792000000,0.24667000,0.24805000,0.24626000,0.24665000,5525065.70000000,2793
1602788400000,0.24655000,0.24764000,0.24610000,0.24665000,4664670.90000000,2366
1602784800000,0.24743000,0.24766000,0.24645000,0.24655000,2813689.40000000,1666
1602781200000,0.24513000,0.24824000,0.24494000,0.24740000,6637668.50000000,3172
1602777600000,0.24641000,0.24842000,0.24485000,0.24511000,10936396.30000000,4940
1602774000000,0.24542000,0.24657000,0.24472000,0.24631000,7102440.50000000,3021
1602770400000,0.24685000,0.24686000,0.24287000,0.24542000,10618686.80000000,4366
1602766800000,0.24610000,0.24718000,0.24549000,0.24684000,6252815.50000000,2809
1602763200000,0.24505000,0.24675000,0.24377000,0.24610000,9869903.90000000,4379
1602759600000,0.24592000,0.24598000,0.24497000,0.24506000,5198093.90000000,2485
1602756000000,0.24535000,0.24687000,0.24437000,0.24588000,9740533.10000000,4911
1602752400000,0.24710000,0.24722000,0.24306000,0.24536000,17562000.40000000,8490
1602748800000,0.24908000,0.24949000,0.24686000,0.24710000,9480279.50000000,4038
1602745200000,0.24912000,0.24961000,0.24855000,0.24910000,4533192.80000000,1902
1602741600000,0.24971000,0.25014000,0.24887000,0.24906000,4203612.60000000,2161
1602738000000,0.24804000,0.24986000,0.24771000,0.24972000,5624754.60000000,2610
1602734400000,0.24736000,0.24840000,0.24708000,0.24805000,5427616.70000000,2197
1602730800000,0.24587000,0.24741000,0.24571000,0.24734000,4344990.60000000,2072
1602727200000,0.24804000,0.24831000,0.24537000,0.24591000,9639374.40000000,4224
1602723600000,0.24860000,0.24903000,0.24772000,0.24804000,3355915.40000000,1757
1602720000000,0.24906000,0.24914000,0.24817000,0.24861000,4074999.50000000,1951
1602716400000,0.24860000,0.25000000,0.24819000,0.24906000,4782935.40000000,2328
1602712800000,0.24853000,0.24909000,0.24805000,0.24863000,3658718.80000000,2034
1602709200000,0.24864000,0.24937000,0.24831000,0.24851000,2776553.70000000,1710
1602705600000,0.24747000,0.24875000,0.24730000,0.24865000,5603368.20000000,2750
1602702000000,0.24779000,0.24869000,0.24735000,0.24746000,5537301.50000000,2709
1602698400000,0.24734000,0.24784000,0.24593000,0.24779000,8528754.00000000,4035
1602694800000,0.24787000,0.24818000,0.24674000,0.24735000,7549000.10000000,3594
1602691200000,0.24795000,0.24943000,0.24634000,0.24793000,12699749.40000000,6566
1602687600000,0.25140000,0.25182000,0.24639000,0.24796000,15479779.30000000,7424
1602684000000,0.25516000,0.25522000,0.24917000,0.25140000,18883802.30000000,9259
1602680400000,0.25237000,0.25527000,0.25184000,0.25513000,10732700.10000000,4700
1602676800000,0.25112000,0.25305000,0.25050000,0.25242000,7783544.90000000,4082
1602673200000,0.25118000,0.25287000,0.25080000,0.25112000,7249717.10000000,3712
1602669600000,0.25394000,0.25408000,0.25039000,0.25118000,13380235.10000000,6731
1602666000000,0.25525000,0.25579000,0.25372000,0.25394000,6031401.70000000,2791
1602662400000,0.25456000,0.25541000,0.25416000,0.25528000,6344298.10000000,3101
1602658800000,0.25579000,0.25590000,0.25417000,0.25459000,7123237.70000000,3118
1602655200000,0.25632000,0.25685000,0.25510000,0.25577000,6834479.40000000,2986
1602651600000,0.25571000,0.25715000,0.25541000,0.25632000,8326129.80000000,2717
1602648000000,0.25676000,0.25681000,0.25462000,0.25568000,9192298.50000000,3153
1602644400000,0.25704000,0.25795000,0.25663000,0.25673000,5438169.00000000,2446
1602640800000,0.25747000,0.25771000,0.25654000,0.25700000,6534352.30000000,2550
1602637200000,0.25764000,0.25840000,0.25671000,0.25743000,8952959.30000000,3208
1602633600000,0.25658000,0.25789000,0.25547000,0.25764000,10667491.00000000,4511
1602630000000,0.25613000,0.25664000,0.25558000,0.25650000,4520517.20000000,2007
1602626400000,0.25669000,0.25681000,0.25557000,0.25611000,3493524.90000000,1622
1602622800000,0.25527000,0.25685000,0.25527000,0.25660000,2963252.50000000,1528
1602619200000,0.25451000,0.25559000,0.25400000,0.25526000,3973253.60000000,1782
1602615600000,0.25387000,0.25536000,0.25367000,0.25459000,5027673.20000000,2532
1602612000000,0.25425000,0.25500000,0.25342000,0.25387000,8724792.00000000,3757
1602608400000,0.25597000,0.25617000,0.25402000,0.25425000,6434616.50000000,2768
1602604800000,0.25538000,0.25616000,0.25425000,0.25597000,6348247.00000000,2867
1602601200000,0.25527000,0.25645000,0.25494000,0.25543000,8793407.80000000,3552
1602597600000,0.25441000,0.25545000,0.25267000,0.25521000,15713176.80000000,5981
1602594000000,0.25664000,0.25677000,0.25422000,0.25442000,17634406.60000000,6117
1602590400000,0.25805000,0.25849000,0.25650000,0.25667000,10676990.70000000,4316
1602586800000,0.25798000,0.25997000,0.25768000,0.25806000,16964576.50000000,6635
1602583200000,0.25637000,0.25879000,0.25400000,0.25800000,17220077.80000000,7371
1602579600000,0.25735000,0.25765000,0.25606000,0.25641000,6014295.50000000,2628
1602576000000,0.25730000,0.25762000,0.25641000,0.25735000,7489633.30000000,2927
1602572400000,0.25799000,0.25799000,0.25622000,0.25727000,13310526.50000000,4964
1602568800000,0.25879000,0.25884000,0.25743000,0.25799000,9746964.00000000,4337
1602565200000,0.25492000,0.25990000,0.25480000,0.25879000,21351850.80000000,8162
1602561600000,0.25561000,0.25618000,0.25473000,0.25495000,7324674.60000000,2812
1602558000000,0.25519000,0.25640000,0.25375000,0.25563000,11860487.10000000,4918
1602554400000,0.25575000,0.25589000,0.25486000,0.25519000,8539808.70000000,3762
1602550800000,0.25520000,0.25609000,0.25466000,0.25575000,8260424.90000000,3145
1602547200000,0.25602000,0.25651000,0.25422000,0.25521000,10109568.90000000,4894
1602543600000,0.25691000,0.25700000,0.25400000,0.25603000,16469392.60000000,5840
1602540000000,0.25782000,0.25826000,0.25644000,0.25690000,8079680.60000000,3610
1602536400000,0.25594000,0.25794000,0.25593000,0.25781000,5518606.20000000,2888
1602532800000,0.25606000,0.25685000,0.25571000,0.25591000,7792560.90000000,2807
1602529200000,0.25664000,0.25700000,0.25503000,0.25606000,9196278.40000000,3834
1602525600000,0.25691000,0.25743000,0.25660000,0.25663000,4833475.50000000,2137
1602522000000,0.25741000,0.25781000,0.25637000,0.25690000,6782128.40000000,3115
1602518400000,0.25643000,0.25776000,0.25583000,0.25740000,12581057.90000000,4526
1602514800000,0.25560000,0.25742000,0.25539000,0.25643000,13969612.10000000,5682
1602511200000,0.25506000,0.25587000,0.25428000,0.25555000,9233833.90000000,4187
1602507600000,0.25214000,0.25593000,0.25155000,0.25506000,22446565.20000000,7944
1602504000000,0.25069000,0.25220000,0.25043000,0.25212000,8527231.10000000,3019
1602500400000,0.25093000,0.25117000,0.24939000,0.25070000,10429090.20000000,4253
1602496800000,0.25279000,0.25306000,0.24732000,0.25091000,17844435.80000000,7769
1602493200000,0.25368000,0.25389000,0.25087000,0.25279000,17446225.70000000,6549
1602489600000,0.25460000,0.25475000,0.25360000,0.25367000,6001572.60000000,2765
1602486000000,0.25412000,0.25497000,0.25319000,0.25461000,8578921.30000000,3708
1602482400000,0.25525000,0.25548000,0.25403000,0.25411000,5404903.70000000,2432
1602478800000,0.25514000,0.25593000,0.25462000,0.25524000,5164080.00000000,2355
1602475200000,0.25552000,0.25557000,0.25446000,0.25514000,6236071.90000000,2499
1602471600000,0.25519000,0.25595000,0.25490000,0.25553000,6463920.20000000,2684
1602468000000,0.25494000,0.25541000,0.25452000,0.25521000,5357994.50000000,2321
1602464400000,0.25522000,0.25535000,0.25419000,0.25496000,6175551.20000000,2803
1602460800000,0.25545000,0.25566000,0.25439000,0.25522000,5125223.70000000,2343
1602457200000,0.25469000,0.25568000,0.25428000,0.25544000,5431091.20000000,2517
1602453600000,0.25487000,0.25520000,0.25400000,0.25468000,5566201.20000000,2482
1602450000000,0.25491000,0.25539000,0.25370000,0.25492000,6125874.70000000,3147
1602446400000,0.25523000,0.25548000,0.25487000,0.25488000,4072452.20000000,2083
1602442800000,0.25709000,0.25741000,0.25470000,0.25524000,8337375.50000000,3630
1602439200000,0.25765000,0.25800000,0.25692000,0.25708000,4479812.00000000,1984
1602435600000,0.25711000,0.25800000,0.25711000,0.25765000,3342397.60000000,1791
1602432000000,0.25711000,0.25751000,0.25622000,0.25710000,8002012.10000000,2919
1602428400000,0.25657000,0.25799000,0.25655000,0.25704000,5802442.10000000,2540
1602424800000,0.25671000,0.25764000,0.25566000,0.25651000,7454344.60000000,3122
1602421200000,0.25664000,0.25672000,0.25592000,0.25667000,4511450.50000000,2105
1602417600000,0.25715000,0.25750000,0.25602000,0.25664000,5961575.10000000,2247
1602414000000,0.25761000,0.25800000,0.25645000,0.25709000,9740819.90000000,3810
1602410400000,0.25660000,0.25842000,0.25638000,0.25761000,7233391.10000000,3592
1602406800000,0.25552000,0.25667000,0.25532000,0.25659000,5532466.80000000,2368
1602403200000,0.25566000,0.25596000,0.25496000,0.25553000,3664763.00000000,1791
1602399600000,0.25577000,0.25606000,0.25541000,0.25563000,3065664.50000000,1433
1602396000000,0.25558000,0.25607000,0.25540000,0.25577000,3628681.10000000,1654
1602392400000,0.25443000,0.25566000,0.25377000,0.25559000,3804766.10000000,1941
1602388800000,0.25417000,0.25495000,0.25381000,0.25448000,3017702.50000000,1655
1602385200000,0.25549000,0.25553000,0.25353000,0.25414000,5743440.30000000,2482
1602381600000,0.25540000,0.25560000,0.25489000,0.25548000,3276085.60000000,1733
1602378000000,0.25379000,0.25563000,0.25376000,0.25541000,5948142.10000000,2554
1602374400000,0.25401000,0.25454000,0.25321000,0.25381000,5465197.60000000,2587
1602370800000,0.25631000,0.25631000,0.25292000,0.25402000,11776512.80000000,4324
1602367200000,0.25722000,0.25722000,0.25626000,0.25631000,2740853.70000000,1523
1602363600000,0.25619000,0.25737000,0.25459000,0.25722000,5460065.30000000,2574
1602360000000,0.25656000,0.25656000,0.25592000,0.25619000,2695701.10000000,1451
1602356400000,0.25710000,0.25710000,0.25597000,0.25658000,3921900.00000000,1943
1602352800000,0.25618000,0.25739000,0.25573000,0.25707000,3752336.60000000,1863
1602349200000,0.25616000,0.25671000,0.25590000,0.25619000,3919851.50000000,1985
1602345600000,0.25796000,0.25822000,0.25560000,0.25618000,8121663.80000000,3537
1602342000000,0.25735000,0.25933000,0.25733000,0.25792000,9946161.70000000,4180
1602338400000,0.25864000,0.25891000,0.25677000,0.25736000,8558655.20000000,3402
1602334800000,0.25558000,0.26071000,0.25556000,0.25862000,14014013.50000000,6866
1602331200000,0.25544000,0.25592000,0.25455000,0.25556000,3736876.40000000,1841
1602327600000,0.25503000,0.25559000,0.25467000,0.25545000,4000910.00000000,1753
1602324000000,0.25495000,0.25541000,0.25366000,0.25503000,7278700.20000000,3432
1602320400000,0.25653000,0.25683000,0.25455000,0.25496000,8647717.50000000,4227
1602316800000,0.25640000,0.25658000,0.25590000,0.25651000,4225583.90000000,1813
1602313200000,0.25600000,0.25651000,0.25587000,0.25636000,4329114.90000000,1798
1602309600000,0.25620000,0.25658000,0.25562000,0.25602000,6730373.40000000,2294
1602306000000,0.25672000,0.25688000,0.25618000,0.25618000,4245245.50000000,1799
1602302400000,0.25746000,0.25813000,0.25638000,0.25671000,6063219.10000000,2598
1602298800000,0.25594000,0.25810000,0.25583000,0.25738000,11295286.90000000,5105
1602295200000,0.25347000,0.25736000,0.25291000,0.25590000,19721112.00000000,9083
1602291600000,0.25370000,0.25378000,0.25289000,0.25348000,4377534.00000000,2058
1602288000000,0.25293000,0.25410000,0.25265000,0.25370000,6395568.20000000,3053
1602284400000,0.25300000,0.25340000,0.25276000,0.25293000,3859209.00000000,1970
1602280800000,0.25290000,0.25344000,0.25219000,0.25301000,4141429.60000000,2151
1602277200000,0.25072000,0.25300000,0.25072000,0.25291000,3186099.20000000,1917
1602273600000,0.25038000,0.25109000,0.25038000,0.25072000,4143664.20000000,2104
1602270000000,0.25021000,0.25074000,0.24966000,0.25037000,4844769.90000000,2085
1602266400000,0.25133000,0.25141000,0.24994000,0.25020000,5277166.10000000,2600
1602262800000,0.25088000,0.25142000,0.25073000,0.25133000,4057848.40000000,1992
1602259200000,0.25233000,0.25250000,0.25054000,0.25088000,11120965.40000000,3965
1602255600000,0.25183000,0.25244000,0.25046000,0.25231000,11839379.80000000,4828
1602252000000,0.25375000,0.25432000,0.24935000,0.25178000,20182986.20000000,8181
1602248400000,0.25388000,0.25440000,0.25304000,0.25375000,7647857.20000000,3803
1602244800000,0.25544000,0.25566000,0.25358000,0.25383000,8246163.70000000,3974
1602241200000,0.25399000,0.25665000,0.25381000,0.25542000,17225564.60000000,7786
1602237600000,0.25110000,0.25514000,0.25076000,0.25399000,18176348.90000000,8083
1602234000000,0.25058000,0.25165000,0.25044000,0.25114000,6072311.50000000,3071
1602230400000,0.25018000,0.25073000,0.24962000,0.25059000,10539759.60000000,4910
1602226800000,0.24975000,0.25057000,0.24965000,0.25023000,5362189.50000000,2444
1602223200000,0.25057000,0.25057000,0.24952000,0.24973000,8755071.20000000,3033
1602219600000,0.25086000,0.25144000,0.25057000,0.25057000,4765125.10000000,2213
1602216000000,0.25141000,0.25160000,0.25077000,0.25087000,2856377.10000000,1520
1602212400000,0.25130000,0.25188000,0.25119000,0.25141000,4736429.70000000,2304
1602208800000,0.25197000,0.25224000,0.25114000,0.25130000,5913636.70000000,2831
1602205200000,0.25042000,0.25211000,0.25029000,0.25198000,8048056.60000000,3728
1602201600000,0.25141000,0.25208000,0.25003000,0.25047000,11478148.40000000,5046
1602198000000,0.25135000,0.25172000,0.25070000,0.25141000,6379396.40000000,2719
1602194400000,0.25139000,0.25191000,0.25063000,0.25135000,5557026.10000000,2756
1602190800000,0.25174000,0.25190000,0.25075000,0.25143000,3399571.00000000,1995
1602187200000,0.25137000,0.25297000,0.25019000,0.25178000,12543633.20000000,4406
1602183600000,0.25092000,0.25152000,0.25047000,0.25140000,4282707.00000000,2274
1602180000000,0.25034000,0.25114000,0.24954000,0.25086000,6374062.50000000,2817
1602176400000,0.24972000,0.25120000,0.24936000,0.25029000,9029406.10000000,4353
1602172800000,0.25051000,0.25167000,0.24945000,0.24972000,10962251.50000000,5100
1602169200000,0.25108000,0.25194000,0.24921000,0.25051000,10751018.80000000,5345
1602165600000,0.24760000,0.25170000,0.24704000,0.25103000,18795066.90000000,8479
1602162000000,0.24624000,0.24863000,0.24535000,0.24760000,15412656.20000000,6392
1602158400000,0.24431000,0.24639000,0.24387000,0.24628000,8095820.10000000,2997
1602154800000,0.24455000,0.24465000,0.24398000,0.24431000,3243938.80000000,1446
1602151200000,0.24286000,0.24526000,0.24251000,0.24459000,8637479.30000000,3486
1602147600000,0.24279000,0.24351000,0.24206000,0.24287000,12366278.10000000,4369
1602144000000,0.24431000,0.24452000,0.24241000,0.24279000,10935637.30000000,3849
1602140400000,0.24591000,0.24591000,0.24271000,0.24427000,14980351.40000000,5578
1602136800000,0.24499000,0.24620000,0.24462000,0.24588000,5881757.70000000,2328
1602133200000,0.24649000,0.24651000,0.24454000,0.24483000,8435834.10000000,3871
1602129600000,0.24712000,0.24712000,0.24634000,0.24642000,3194892.60000000,1716
1602126000000,0.24756000,0.24831000,0.24705000,0.24715000,5667572.20000000,2000
1602122400000,0.24740000,0.24792000,0.24686000,0.24755000,3753115.10000000,1431
1602118800000,0.24782000,0.24782000,0.24679000,0.24741000,5052920.50000000,1886
1602115200000,0.24871000,0.24921000,0.24749000,0.24785000,4167760.20000000,2013
1602111600000,0.24861000,0.24889000,0.24800000,0.24870000,3585421.40000000,1567
1602108000000,0.24783000,0.24874000,0.24737000,0.24865000,3402781.60000000,1673
1602104400000,0.24810000,0.24836000,0.24766000,0.24785000,3515234.80000000,1518
1602100800000,0.24848000,0.24956000,0.24804000,0.24810000,5274883.20000000,2343
1602097200000,0.24946000,0.24992000,0.24834000,0.24845000,7036586.00000000,2735
1602093600000,0.25006000,0.25141000,0.24935000,0.24946000,9389100.40000000,3657
1602090000000,0.24817000,0.25105000,0.24773000,0.25005000,11340075.30000000,3823
1602086400000,0.24775000,0.24821000,0.24613000,0.24817000,10542549.30000000,4223
1602082800000,0.24836000,0.25020000,0.24756000,0.24773000,10880651.50000000,4310
1602079200000,0.24850000,0.24871000,0.24731000,0.24837000,6537566.30000000,2822
1602075600000,0.24648000,0.25027000,0.24648000,0.24850000,11738352.60000000,5036
1602072000000,0.24566000,0.24679000,0.24565000,0.24647000,6274851.20000000,2765
1602068400000,0.24525000,0.24584000,0.24469000,0.24565000,4052040.70000000,2105
1602064800000,0.24460000,0.24561000,0.24415000,0.24526000,5672788.60000000,2454
1602061200000,0.24535000,0.24541000,0.24334000,0.24460000,7507940.20000000,3234
1602057600000,0.24644000,0.24689000,0.24463000,0.24534000,5174731.50000000,2278
1602054000000,0.24614000,0.24662000,0.24549000,0.24639000,7061354.80000000,2798
1602050400000,0.24534000,0.24627000,0.24505000,0.24615000,5770279.20000000,2516
1602046800000,0.24446000,0.24573000,0.24378000,0.24535000,6629486.10000000,2619
1602043200000,0.24345000,0.24461000,0.24312000,0.24448000,6237962.50000000,2644
1602039600000,0.24412000,0.24440000,0.24285000,0.24349000,6989356.20000000,3008
1602036000000,0.24314000,0.24502000,0.24300000,0.24411000,8390830.30000000,3541
1602032400000,0.24386000,0.24433000,0.24077000,0.24314000,14164326.80000000,5629
1602028800000,0.24549000,0.24552000,0.24338000,0.24386000,9928283.70000000,4124
1602025200000,0.24496000,0.24635000,0.24406000,0.24545000,10860151.80000000,4658
1602021600000,0.24395000,0.24558000,0.24326000,0.24496000,10841763.80000000,4785
1602018000000,0.24226000,0.24434000,0.24165000,0.24395000,6030356.50000000,3299
1602014400000,0.24386000,0.24528000,0.24021000,0.24230000,19926597.90000000,7732
1602010800000,0.24760000,0.24760000,0.24329000,0.24384000,30344098.60000000,9936
1602007200000,0.25155000,0.25288000,0.24683000,0.24757000,19905775.50000000,7895
1602003600000,0.25271000,0.25300000,0.25050000,0.25155000,11279199.70000000,4897
1602000000000,0.25409000,0.25460000,0.25111000,0.25270000,19315858.30000000,6419
1601996400000,0.24884000,0.25476000,0.24536000,0.25417000,40063432.10000000,15751
1601992800000,0.24974000,0.25126000,0.24872000,0.24885000,13426500.00000000,5257
1601989200000,0.25008000,0.25240000,0.24933000,0.24976000,14847391.20000000,5240
1601985600000,0.25054000,0.25178000,0.24948000,0.25007000,10298403.50000000,4860
1601982000000,0.25247000,0.25291000,0.24836000,0.25053000,29005165.40000000,12398
1601978400000,0.25740000,0.25760000,0.25232000,0.25250000,14242733.80000000,5800
1601974800000,0.25484000,0.25793000,0.25472000,0.25745000,9407636.80000000,4189
1601971200000,0.25370000,0.25521000,0.25305000,0.25488000,10326141.30000000,4050
1601967600000,0.25502000,0.25639000,0.25350000,0.25370000,12151935.60000000,5073
1601964000000,0.25655000,0.25736000,0.25487000,0.25502000,14285746.10000000,4938
1601960400000,0.25840000,0.25841000,0.25575000,0.25657000,13118399.30000000,5275
1601956800000,0.25783000,0.25913000,0.25732000,0.25840000,9518493.30000000,4786
1601953200000,0.25500000,0.25932000,0.25500000,0.25783000,19970875.20000000,8453
1601949600000,0.25210000,0.25694000,0.25191000,0.25505000,18840519.80000000,8118
1601946000000,0.25034000,0.25406000,0.25030000,0.25210000,12683411.50000000,5342
1601942400000,0.25034000,0.25159000,0.25012000,0.25034000,7313029.40000000,3145
1601938800000,0.25002000,0.25097000,0.24833000,0.25030000,16191727.70000000,6134
1601935200000,0.25140000,0.25253000,0.24982000,0.25001000,11175353.80000000,4877
1601931600000,0.25025000,0.25305000,0.25020000,0.25135000,6858046.10000000,3879
1601928000000,0.24980000,0.25043000,0.24931000,0.25028000,5428069.20000000,2207
1601924400000,0.24908000,0.25006000,0.24892000,0.24983000,3453941.40000000,1879
1601920800000,0.24815000,0.24952000,0.24769000,0.24909000,7063272.30000000,3209
1601917200000,0.25138000,0.25141000,0.24779000,0.24814000,8564493.40000000,4103
1601913600000,0.25060000,0.25137000,0.24955000,0.25137000,8661019.10000000,3643
1601910000000,0.25086000,0.25115000,0.24983000,0.25058000,6704238.20000000,2924
1601906400000,0.25207000,0.25311000,0.25046000,0.25086000,9515012.40000000,4573
1601902800000,0.25332000,0.25399000,0.25095000,0.25207000,13430086.00000000,6200
1601899200000,0.24718000,0.25341000,0.24704000,0.25333000,17272395.90000000,6448
1601895600000,0.24846000,0.24891000,0.24718000,0.24718000,4489086.30000000,2219
1601892000000,0.24847000,0.24938000,0.24759000,0.24848000,6280059.50000000,3033
1601888400000,0.24641000,0.24879000,0.24638000,0.24855000,9243410.90000000,3487
1601884800000,0.24875000,0.24887000,0.24628000,0.24646000,6819385.60000000,3296
1601881200000,0.24783000,0.24882000,0.24706000,0.24875000,7528375.70000000,3455
1601877600000,0.24969000,0.24969000,0.24660000,0.24784000,11240820.00000000,4938
1601874000000,0.24830000,0.25031000,0.24800000,0.24970000,6143812.30000000,2939
1601870400000,0.24980000,0.24981000,0.24807000,0.24834000,12214455.70000000,5317
1601866800000,0.25232000,0.25250000,0.24942000,0.24977000,8459005.30000000,4149
1601863200000,0.25275000,0.25300000,0.25125000,0.25233000,7800164.70000000,3913
1601859600000,0.25025000,0.25442000,0.25001000,0.25276000,19228504.20000000,9836
1601856000000,0.24794000,0.25078000,0.24772000,0.25030000,15079288.70000000,6474
1601852400000,0.24675000,0.24957000,0.24671000,0.24794000,10309490.30000000,4196
1601848800000,0.24706000,0.24823000,0.24661000,0.24671000,4573997.80000000,2379
1601845200000,0.24792000,0.24891000,0.24576000,0.24706000,6132040.90000000,3673
1601841600000,0.24769000,0.25024000,0.24769000,0.24793000,9579881.80000000,4553
1601838000000,0.24584000,0.24934000,0.24577000,0.24768000,17312485.70000000,7279
1601834400000,0.24491000,0.24663000,0.24489000,0.24595000,8677018.30000000,4029
1601830800000,0.24245000,0.24620000,0.24145000,0.24492000,17765637.80000000,6560
1601827200000,0.24004000,0.24245000,0.23995000,0.24245000,4777716.70000000,2634
1601823600000,0.24027000,0.24150000,0.23959000,0.24006000,5976775.70000000,2196
1601820000000,0.24075000,0.24145000,0.23990000,0.24027000,5027361.90000000,2696
1601816400000,0.23782000,0.24368000,0.23782000,0.24074000,24301857.20000000,10039
1601812800000,0.23320000,0.23800000,0.23282000,0.23780000,7741515.20000000,3655
1601809200000,0.23235000,0.23337000,0.23225000,0.23320000,2194051.30000000,1165
1601805600000,0.23375000,0.23390000,0.23194000,0.23236000,5764134.40000000,2534
1601802000000,0.23353000,0.23402000,0.23346000,0.23378000,2728658.20000000,1185
1601798400000,0.23394000,0.23396000,0.23319000,0.23350000,2335149.80000000,1182
1601794800000,0.23442000,0.23477000,0.23391000,0.23395000,2330424.60000000,1038
1601791200000,0.23235000,0.23474000,0.23235000,0.23443000,4787999.70000000,1990
1601787600000,0.23288000,0.23323000,0.23229000,0.23234000,3218394.20000000,1257
1601784000000,0.23212000,0.23300000,0.23212000,0.23286000,1760043.60000000,912
1601780400000,0.23248000,0.23283000,0.23211000,0.23215000,1841975.80000000,931
1601776800000,0.23209000,0.23261000,0.23180000,0.23246000,2521821.30000000,1421
1601773200000,0.23305000,0.23311000,0.23159000,0.23211000,2385102.30000000,1431
1601769600000,0.23274000,0.23357000,0.23216000,0.23308000,2971395.00000000,1363
1601766000000,0.23350000,0.23358000,0.23263000,0.23273000,1777752.70000000,896
1601762400000,0.23374000,0.23378000,0.23254000,0.23344000,3356577.60000000,1392
1601758800000,0.23376000,0.23391000,0.23326000,0.23376000,1816991.40000000,1253
1601755200000,0.23437000,0.23448000,0.23336000,0.23374000,1873718.40000000,1104
1601751600000,0.23426000,0.23454000,0.23407000,0.23437000,1819157.00000000,1120
1601748000000,0.23420000,0.23468000,0.23397000,0.23425000,2009676.70000000,1116
1601744400000,0.23425000,0.23439000,0.23397000,0.23419000,1358055.50000000,880
1601740800000,0.23346000,0.23443000,0.23338000,0.23429000,3082936.50000000,1437
1601737200000,0.23377000,0.23384000,0.23334000,0.23348000,2582887.40000000,1509
1601733600000,0.23342000,0.23396000,0.23330000,0.23378000,1376340.80000000,785
1601730000000,0.23356000,0.23366000,0.23311000,0.23345000,2142267.40000000,1353
1601726400000,0.23420000,0.23432000,0.23345000,0.23352000,2410928.70000000,1172
1601722800000,0.23466000,0.23499000,0.23393000,0.23421000,3504206.00000000,1431
1601719200000,0.23361000,0.23473000,0.23346000,0.23469000,2282997.40000000,1161
1601715600000,0.23303000,0.23398000,0.23298000,0.23362000,2051532.90000000,1247
1601712000000,0.23327000,0.23368000,0.23270000,0.23311000,2443842.40000000,1515
1601708400000,0.23319000,0.23365000,0.23270000,0.23328000,4542913.20000000,2496
1601704800000,0.23376000,0.23415000,0.23272000,0.23316000,3676350.60000000,1749
1601701200000,0.23439000,0.23482000,0.23375000,0.23377000,2784538.60000000,1304
1601697600000,0.23419000,0.23447000,0.23370000,0.23437000,2899993.20000000,1261
1601694000000,0.23315000,0.23440000,0.23280000,0.23412000,3546182.50000000,1587
1601690400000,0.23349000,0.23374000,0.23293000,0.23310000,1890644.40000000,1289
1601686800000,0.23334000,0.23377000,0.23297000,0.23347000,1924379.00000000,992
1601683200000,0.23387000,0.23427000,0.23302000,0.23334000,2747796.20000000,1315
1601679600000,0.23349000,0.23415000,0.23331000,0.23386000,2936565.60000000,1344
1601676000000,0.23141000,0.23389000,0.23141000,0.23347000,3952478.70000000,1793
1601672400000,0.23300000,0.23356000,0.23134000,0.23134000,2819159.10000000,1610
1601668800000,0.23184000,0.23313000,0.23165000,0.23291000,4246425.30000000,1893
1601665200000,0.23259000,0.23264000,0.23163000,0.23186000,4465805.90000000,1995
1601661600000,0.23244000,0.23269000,0.23171000,0.23261000,5106811.50000000,2379
1601658000000,0.23291000,0.23316000,0.23200000,0.23245000,3594647.60000000,1832
1601654400000,0.23167000,0.23336000,0.23093000,0.23290000,6094145.20000000,2798
1601650800000,0.23225000,0.23314000,0.23161000,0.23165000,6286572.80000000,2760
1601647200000,0.23208000,0.23349000,0.23208000,0.23228000,7519647.90000000,3354
1601643600000,0.23055000,0.23309000,0.22917000,0.23206000,9555152.70000000,4695
1601640000000,0.22967000,0.23079000,0.22871000,0.23056000,7343296.90000000,3556
1601636400000,0.23095000,0.23119000,0.22957000,0.22972000,5496497.50000000,2984
1601632800000,0.23103000,0.23176000,0.22829000,0.23086000,13104090.50000000,5169
1601629200000,0.23173000,0.23265000,0.23033000,0.23102000,10067089.90000000,4699
1601625600000,0.23347000,0.23374000,0.23062000,0.23171000,10432605.30000000,4614
1601622000000,0.23344000,0.23384000,0.23301000,0.23348000,3311387.20000000,1858
1601618400000,0.23254000,0.23424000,0.23152000,0.23344000,6034359.10000000,3059
1601614800000,0.23752000,0.23752000,0.23181000,0.23251000,19460237.20000000,7490
1601611200000,0.23866000,0.23937000,0.23755000,0.23756000,3885592.80000000,1814
1601607600000,0.23757000,0.23868000,0.23722000,0.23864000,2180964.00000000,1191
1601604000000,0.23735000,0.23803000,0.23733000,0.23746000,2270217.10000000,1101
1601600400000,0.23685000,0.23836000,0.23683000,0.23735000,3136993.60000000,1624
1601596800000,0.23813000,0.23813000,0.23657000,0.23685000,3583276.90000000,1986
1601593200000,0.23816000,0.23830000,0.23759000,0.23819000,3127136.50000000,1389
1601589600000,0.23700000,0.23892000,0.23661000,0.23814000,4794021.90000000,2419
1601586000000,0.23711000,0.23791000,0.23700000,0.23700000,2927220.40000000,1737
1601582400000,0.23750000,0.23750000,0.23647000,0.23711000,5472041.50000000,2166
1601578800000,0.23674000,0.23759000,0.23638000,0.23754000,5916584.60000000,2677
1601575200000,0.23467000,0.23700000,0.23436000,0.23668000,8264211.10000000,3432
1601571600000,0.23569000,0.23659000,0.23463000,0.23469000,8734284.10000000,3790
1601568000000,0.23934000,0.23946000,0.23372000,0.23573000,25161673.90000000,11438
1601564400000,0.24238000,0.24273000,0.23920000,0.23934000,9190464.40000000,3863
1601560800000,0.24245000,0.24287000,0.24205000,0.24243000,3732943.40000000,1767
1601557200000,0.24349000,0.24362000,0.24234000,0.24246000,2795664.80000000,1461
1601553600000,0.24429000,0.24440000,0.24317000,0.24345000,2958954.90000000,1686
1601550000000,0.24352000,0.24426000,0.24330000,0.24424000,2183827.50000000,1366
